neighbourhood_group,neighbourhood
City of Los Angeles,Adams-Normandie
City of Los Angeles,Arleta
City of Los Angeles,Arlington Heights
City of Los Angeles,Atwater Village
City of Los Angeles,Baldwin Hills/Crenshaw
City of Los Angeles,Bel-Air
City of Los Angeles,Beverly Crest
City of Los Angeles,Beverly Grove
City of Los Angeles,Beverlywood
City of Los Angeles,Boyle Heights
City of Los Angeles,Brentwood
City of Los Angeles,Broadway-Manchester
City of Los Angeles,Canoga Park
City of Los Angeles,Carthay
City of Los Angeles,Central-Alameda
City of Los Angeles,Century City
City of Los Angeles,Chatsworth
City of Los Angeles,Chatsworth Reservoir
City of Los Angeles,Chesterfield Square
City of Los Angeles,Cheviot Hills
City of Los Angeles,Chinatown
City of Los Angeles,Cypress Park
City of Los Angeles,Del Rey
City of Los Angeles,Downtown
City of Los Angeles,Eagle Rock
City of Los Angeles,East Hollywood
City of Los Angeles,Echo Park
City of Los Angeles,El Sereno
City of Los Angeles,Elysian Park
City of Los Angeles,Elysian Valley
City of Los Angeles,Encino
City of Los Angeles,Exposition Park
City of Los Angeles,Fairfax
City of Los Angeles,Florence
City of Los Angeles,Glassell Park
City of Los Angeles,Gramercy Park
City of Los Angeles,Granada Hills
City of Los Angeles,Green Meadows
City of Los Angeles,Griffith Park
City of Los Angeles,Hancock Park
City of Los Angeles,Hansen Dam
City of Los Angeles,Harbor City
City of Los Angeles,Harbor Gateway
City of Los Angeles,Harvard Heights
City of Los Angeles,Harvard Park
City of Los Angeles,Highland Park
City of Los Angeles,Historic South-Central
City of Los Angeles,Hollywood
City of Los Angeles,Hollywood Hills
City of Los Angeles,Hollywood Hills West
City of Los Angeles,Hyde Park
City of Los Angeles,Jefferson Park
City of Los Angeles,Koreatown
City of Los Angeles,Lake Balboa
City of Los Angeles,Lake View Terrace
City of Los Angeles,Larchmont
City of Los Angeles,Leimert Park
City of Los Angeles,Lincoln Heights
City of Los Angeles,Los Feliz
City of Los Angeles,Manchester Square
City of Los Angeles,Mar Vista
City of Los Angeles,Mid-City
City of Los Angeles,Mid-Wilshire
City of Los Angeles,Mission Hills
City of Los Angeles,Montecito Heights
City of Los Angeles,Mount Washington
City of Los Angeles,North Hills
City of Los Angeles,North Hollywood
City of Los Angeles,Northridge
City of Los Angeles,Pacific Palisades
City of Los Angeles,Pacoima
City of Los Angeles,Palms
City of Los Angeles,Panorama City
City of Los Angeles,Pico-Robertson
City of Los Angeles,Pico-Union
City of Los Angeles,Playa del Rey
City of Los Angeles,Playa Vista
City of Los Angeles,Porter Ranch
City of Los Angeles,Rancho Park
City of Los Angeles,Reseda
City of Los Angeles,San Pedro
City of Los Angeles,Sawtelle
City of Los Angeles,Sepulveda Basin
City of Los Angeles,Shadow Hills
City of Los Angeles,Sherman Oaks
City of Los Angeles,Silver Lake
City of Los Angeles,South Park
City of Los Angeles,Studio City
City of Los Angeles,Sunland
City of Los Angeles,Sun Valley
City of Los Angeles,Sylmar
City of Los Angeles,Tarzana
City of Los Angeles,Toluca Lake
City of Los Angeles,Tujunga
City of Los Angeles,University Park
City of Los Angeles,Valley Glen
City of Los Angeles,Valley Village
City of Los Angeles,Van Nuys
City of Los Angeles,Venice
City of Los Angeles,Vermont Knolls
City of Los Angeles,Vermont-Slauson
City of Los Angeles,Vermont Square
City of Los Angeles,Vermont Vista
City of Los Angeles,Watts
City of Los Angeles,West Adams
City of Los Angeles,Westchester
City of Los Angeles,West Hills
City of Los Angeles,Westlake
City of Los Angeles,West Los Angeles
City of Los Angeles,Westwood
City of Los Angeles,Wilmington
City of Los Angeles,Windsor Square
City of Los Angeles,Winnetka
City of Los Angeles,Woodland Hills
Other Cities,Agoura Hills
Other Cities,Alhambra
Other Cities,Arcadia
Other Cities,Artesia
Other Cities,Avalon
Other Cities,Azusa
Other Cities,Baldwin Park
Other Cities,Bell
Other Cities,Bellflower
Other Cities,Bell Gardens
Other Cities,Beverly Hills
Other Cities,Bradbury
Other Cities,Burbank
Other Cities,Calabasas
Other Cities,Carson
Other Cities,Cerritos
Other Cities,Claremont
Other Cities,Commerce
Other Cities,Compton
Other Cities,Covina
Other Cities,Cudahy
Other Cities,Culver City
Other Cities,Diamond Bar
Other Cities,Downey
Other Cities,Duarte
Other Cities,El Monte
Other Cities,El Segundo
Other Cities,Gardena
Other Cities,Glendale
Other Cities,Glendora
Other Cities,Hawaiian Gardens
Other Cities,Hawthorne
Other Cities,Hermosa Beach
Other Cities,Hidden Hills
Other Cities,Huntington Park
Other Cities,Industry
Other Cities,Inglewood
Other Cities,Irwindale
Other Cities,La Canada Flintridge
Other Cities,La Habra Heights
Other Cities,Lakewood
Other Cities,La Mirada
Other Cities,Lancaster
Other Cities,La Puente
Other Cities,La Verne
Other Cities,Lawndale
Other Cities,Lomita
Other Cities,Long Beach
Other Cities,Lynwood
Other Cities,Malibu
Other Cities,Manhattan Beach
Other Cities,Maywood
Other Cities,Monrovia
Other Cities,Montebello
Other Cities,Monterey Park
Other Cities,Norwalk
Other Cities,Palmdale
Other Cities,Palos Verdes Estates
Other Cities,Paramount
Other Cities,Pasadena
Other Cities,Pico Rivera
Other Cities,Pomona
Other Cities,Rancho Palos Verdes
Other Cities,Redondo Beach
Other Cities,Rolling Hills
Other Cities,Rolling Hills Estates
Other Cities,Rosemead
Other Cities,San Dimas
Other Cities,San Fernando
Other Cities,San Gabriel
Other Cities,San Marino
Other Cities,Santa Clarita
Other Cities,Santa Fe Springs
Other Cities,Santa Monica
Other Cities,Sierra Madre
Other Cities,Signal Hill
Other Cities,South El Monte
Other Cities,South Gate
Other Cities,South Pasadena
Other Cities,Temple City
Other Cities,Torrance
Other Cities,Vernon
Other Cities,Walnut
Other Cities,West Covina
Other Cities,West Hollywood
Other Cities,Westlake Village
Other Cities,Whittier
Unincorporated Areas,Acton
Unincorporated Areas,Agua Dulce
Unincorporated Areas,Alondra Park
Unincorporated Areas,Altadena
Unincorporated Areas,Angeles Crest
Unincorporated Areas,Athens
Unincorporated Areas,Avocado Heights
Unincorporated Areas,Castaic
Unincorporated Areas,Castaic Canyons
Unincorporated Areas,Charter Oak
Unincorporated Areas,Citrus
Unincorporated Areas,Del Aire
Unincorporated Areas,Desert View Highlands
Unincorporated Areas,East Compton
Unincorporated Areas,East Los Angeles
Unincorporated Areas,East Pasadena
Unincorporated Areas,East San Gabriel
Unincorporated Areas,East Whittier
Unincorporated Areas,Elizabeth Lake
Unincorporated Areas,Florence-Firestone
Unincorporated Areas,Green Valley
Unincorporated Areas,Hacienda Heights
Unincorporated Areas,Hasley Canyon
Unincorporated Areas,La Crescenta-Montrose
Unincorporated Areas,Ladera Heights
Unincorporated Areas,Lake Hughes
Unincorporated Areas,Lake Los Angeles
Unincorporated Areas,Lennox
Unincorporated Areas,Leona Valley
Unincorporated Areas,Littlerock
Unincorporated Areas,Lopez/Kagel Canyons
Unincorporated Areas,Marina del Rey
Unincorporated Areas,Mayflower Village
Unincorporated Areas,Northeast Antelope Valley
Unincorporated Areas,North El Monte
Unincorporated Areas,Northwest Antelope Valley
Unincorporated Areas,Northwest Palmdale
Unincorporated Areas,North Whittier
Unincorporated Areas,Quartz Hill
Unincorporated Areas,Rancho Dominguez
Unincorporated Areas,Ridge Route
Unincorporated Areas,Rowland Heights
Unincorporated Areas,San Pasqual
Unincorporated Areas,South Diamond Bar
Unincorporated Areas,Southeast Antelope Valley
Unincorporated Areas,South San Gabriel
Unincorporated Areas,South San Jose Hills
Unincorporated Areas,South Whittier
Unincorporated Areas,Stevenson Ranch
Unincorporated Areas,Sun Village
Unincorporated Areas,Topanga
Unincorporated Areas,Tujunga Canyons
Unincorporated Areas,Unincorporated Catalina Island
Unincorporated Areas,Unincorporated Santa Monica Mountains
Unincorporated Areas,Unincorporated Santa Susana Mountains
Unincorporated Areas,Universal City
Unincorporated Areas,Valinda
Unincorporated Areas,Val Verde
Unincorporated Areas,Veterans Administration
Unincorporated Areas,View Park-Windsor Hills
Unincorporated Areas,Vincent
Unincorporated Areas,Walnut Park
Unincorporated Areas,West Carson
Unincorporated Areas,West Compton
Unincorporated Areas,Westmont
Unincorporated Areas,West Puente Valley
Unincorporated Areas,West Whittier-Los Nietos
Unincorporated Areas,Whittier Narrows
Unincorporated Areas,Willowbrook
