neighbourhood_group,neighbourhood
,Alameda
,Arbor Lodge
,Ardenwald-Johnson Creek
,Argay
,Arlington Heights
,Arnold Creek
,Ashcreek
,Beaumont-Wilshire
,Boise
,Brentwood-Darlington
,Bridgeton
,Bridlemile
,Brooklyn Action Corps
,Buckman
,Cathedral Park
,Centennial
,Collins View
,Concordia
,Creston-Kenilworth
,Crestwood
,Cully
,East Columbia
,Eastmoreland
,Eliot
,Far Southwest
,Forest Park
,Foster-Powell
,Glenfair
,Goose Hollow
,Grant Park
,Hayden Island
,Hayhurst
,Hazelwood
,Hillsdale
,Hillside
,Hollywood
,Homestead
,Hosford-Abernethy
,Humboldt
,Irvington
,Kenton
,Kerns
,King
,Laurelhurst
,Lents
,Linnton
,Lloyd District
,Madison South
,Maplewood
,Markham
,Marshall Park
,Maywood Park
,Mill Park
,Montavilla
,Mt. Scott-Arleta
,Mt. Tabor
,Multnomah
,North Tabor
,Northwest District
,Northwest Heights
,Northwest Industrial
,Old Town/Chinatown
,Overlook
,Parkrose
,Parkrose Heights
,Pearl
,Piedmont
,Pleasant Valley
,Portland Downtown
,Portsmouth
,Powellhurst-Gilbert
,Reed
,Richmond
,Rose City Park
,Roseway
,Russell
,Sabin
,Sellwood-Moreland Improvement League
,South Burlingame
,South Portland
,South Tabor
,Southwest Hills
,St. Johns
,Sullivan's Gulch
,Sumner
,Sunderland
,Sunnyside
,Sylvan-Highlands
,University Park
,Vernon
,West Portland Park
,Wilkes
,Woodland Park
,Woodlawn
,Woodstock
